{"paths": {"admin/js/vendor/select2/i18n/af.js": "admin/js/vendor/select2/i18n/af.4f6fcd73488c.js", "admin/js/vendor/select2/i18n/ar.js": "admin/js/vendor/select2/i18n/ar.65aa8e36bf5d.js", "admin/js/vendor/select2/i18n/az.js": "admin/js/vendor/select2/i18n/az.270c257daf81.js", "admin/js/vendor/select2/i18n/bg.js": "admin/js/vendor/select2/i18n/bg.39b8be30d4f0.js", "admin/js/vendor/select2/i18n/bn.js": "admin/js/vendor/select2/i18n/bn.6d42b4dd5665.js", "admin/js/vendor/select2/i18n/bs.js": "admin/js/vendor/select2/i18n/bs.91624382358e.js", "admin/js/vendor/select2/i18n/ca.js": "admin/js/vendor/select2/i18n/ca.a166b745933a.js", "admin/js/vendor/select2/i18n/cs.js": "admin/js/vendor/select2/i18n/cs.4f43e8e7d33a.js", "admin/js/vendor/select2/i18n/da.js": "admin/js/vendor/select2/i18n/da.766346afe4dd.js", "admin/js/vendor/select2/i18n/de.js": "admin/js/vendor/select2/i18n/de.8a1c222b0204.js", "admin/js/vendor/select2/i18n/dsb.js": "admin/js/vendor/select2/i18n/dsb.56372c92d2f1.js", "admin/js/vendor/select2/i18n/el.js": "admin/js/vendor/select2/i18n/el.27097f071856.js", "admin/js/vendor/select2/i18n/en.js": "admin/js/vendor/select2/i18n/en.cf932ba09a98.js", "admin/js/vendor/select2/i18n/es.js": "admin/js/vendor/select2/i18n/es.66dbc2652fb1.js", "admin/js/vendor/select2/i18n/et.js": "admin/js/vendor/select2/i18n/et.2b96fd98289d.js", "admin/js/vendor/select2/i18n/eu.js": "admin/js/vendor/select2/i18n/eu.adfe5c97b72c.js", "admin/js/vendor/select2/i18n/fa.js": "admin/js/vendor/select2/i18n/fa.3b5bd1961cfd.js", "admin/js/vendor/select2/i18n/fi.js": "admin/js/vendor/select2/i18n/fi.614ec42aa9ba.js", "admin/js/vendor/select2/i18n/fr.js": "admin/js/vendor/select2/i18n/fr.05e0542fcfe6.js", "admin/js/vendor/select2/i18n/gl.js": "admin/js/vendor/select2/i18n/gl.d99b1fedaa86.js", "admin/js/vendor/select2/i18n/he.js": "admin/js/vendor/select2/i18n/he.e420ff6cd3ed.js", "admin/js/vendor/select2/i18n/hi.js": "admin/js/vendor/select2/i18n/hi.70640d41628f.js", "admin/js/vendor/select2/i18n/hr.js": "admin/js/vendor/select2/i18n/hr.a2b092cc1147.js", "admin/js/vendor/select2/i18n/hsb.js": "admin/js/vendor/select2/i18n/hsb.fa3b55265efe.js", "admin/js/vendor/select2/i18n/hu.js": "admin/js/vendor/select2/i18n/hu.6ec6039cb8a3.js", "admin/js/vendor/select2/i18n/hy.js": "admin/js/vendor/select2/i18n/hy.c7babaeef5a6.js", "admin/js/vendor/select2/i18n/id.js": "admin/js/vendor/select2/i18n/id.04debded514d.js", "admin/js/vendor/select2/i18n/is.js": "admin/js/vendor/select2/i18n/is.3ddd9a6a97e9.js", "admin/js/vendor/select2/i18n/it.js": "admin/js/vendor/select2/i18n/it.be4fe8d365b5.js", "admin/js/vendor/select2/i18n/ja.js": "admin/js/vendor/select2/i18n/ja.170ae885d74f.js", "admin/js/vendor/select2/i18n/ka.js": "admin/js/vendor/select2/i18n/ka.2083264a54f0.js", "admin/js/vendor/select2/i18n/km.js": "admin/js/vendor/select2/i18n/km.c23089cb06ca.js", "admin/js/vendor/select2/i18n/ko.js": "admin/js/vendor/select2/i18n/ko.e7be6c20e673.js", "admin/js/vendor/select2/i18n/lt.js": "admin/js/vendor/select2/i18n/lt.23c7ce903300.js", "admin/js/vendor/select2/i18n/lv.js": "admin/js/vendor/select2/i18n/lv.08e62128eac1.js", "admin/js/vendor/select2/i18n/mk.js": "admin/js/vendor/select2/i18n/mk.dabbb9087130.js", "admin/js/vendor/select2/i18n/ms.js": "admin/js/vendor/select2/i18n/ms.4ba82c9a51ce.js", "admin/js/vendor/select2/i18n/nb.js": "admin/js/vendor/select2/i18n/nb.da2fce143f27.js", "admin/js/vendor/select2/i18n/ne.js": "admin/js/vendor/select2/i18n/ne.3d79fd3f08db.js", "admin/js/vendor/select2/i18n/nl.js": "admin/js/vendor/select2/i18n/nl.997868a37ed8.js", "admin/js/vendor/select2/i18n/pl.js": "admin/js/vendor/select2/i18n/pl.6031b4f16452.js", "admin/js/vendor/select2/i18n/ps.js": "admin/js/vendor/select2/i18n/ps.38dfa47af9e0.js", "admin/js/vendor/select2/i18n/pt-BR.js": "admin/js/vendor/select2/i18n/pt-BR.e1b294433e7f.js", "admin/js/vendor/select2/i18n/pt.js": "admin/js/vendor/select2/i18n/pt.33b4a3b44d43.js", "admin/js/vendor/select2/i18n/ro.js": "admin/js/vendor/select2/i18n/ro.f75cb460ec3b.js", "admin/js/vendor/select2/i18n/ru.js": "admin/js/vendor/select2/i18n/ru.934aa95f5b5f.js", "admin/js/vendor/select2/i18n/sk.js": "admin/js/vendor/select2/i18n/sk.33d02cef8d11.js", "admin/js/vendor/select2/i18n/sl.js": "admin/js/vendor/select2/i18n/sl.131a78bc0752.js", "admin/js/vendor/select2/i18n/sq.js": "admin/js/vendor/select2/i18n/sq.5636b60d29c9.js", "admin/js/vendor/select2/i18n/sr-Cyrl.js": "admin/js/vendor/select2/i18n/sr-Cyrl.f254bb8c4c7c.js", "admin/js/vendor/select2/i18n/sr.js": "admin/js/vendor/select2/i18n/sr.5ed85a48f483.js", "admin/js/vendor/select2/i18n/sv.js": "admin/js/vendor/select2/i18n/sv.7a9c2f71e777.js", "admin/js/vendor/select2/i18n/th.js": "admin/js/vendor/select2/i18n/th.f38c20b0221b.js", "admin/js/vendor/select2/i18n/tk.js": "admin/js/vendor/select2/i18n/tk.7c572a68c78f.js", "admin/js/vendor/select2/i18n/tr.js": "admin/js/vendor/select2/i18n/tr.b5a0643d1545.js", "admin/js/vendor/select2/i18n/uk.js": "admin/js/vendor/select2/i18n/uk.8cede7f4803c.js", "admin/js/vendor/select2/i18n/vi.js": "admin/js/vendor/select2/i18n/vi.097a5b75b3e1.js", "admin/js/vendor/select2/i18n/zh-CN.js": "admin/js/vendor/select2/i18n/zh-CN.2cff662ec5f9.js", "admin/js/vendor/select2/i18n/zh-TW.js": "admin/js/vendor/select2/i18n/zh-TW.04554a227c2b.js", "admin/css/vendor/select2/LICENSE-SELECT2.md": "admin/css/vendor/select2/LICENSE-SELECT2.f94142512c91.md", "admin/css/vendor/select2/select2.css": "admin/css/vendor/select2/select2.a2194c262648.css", "admin/css/vendor/select2/select2.min.css": "admin/css/vendor/select2/select2.min.9f54e6414f87.css", "admin/js/vendor/jquery/jquery.js": "admin/js/vendor/jquery/jquery.2849239b95f5.js", "admin/js/vendor/jquery/jquery.min.js": "admin/js/vendor/jquery/jquery.min.8fb8fee4fcc3.js", "admin/js/vendor/jquery/LICENSE.txt": "admin/js/vendor/jquery/LICENSE.de877aa6d744.txt", "admin/js/vendor/select2/LICENSE.md": "admin/js/vendor/select2/LICENSE.f94142512c91.md", "admin/js/vendor/select2/select2.full.js": "admin/js/vendor/select2/select2.full.c2afdeda3058.js", "admin/js/vendor/select2/select2.full.min.js": "admin/js/vendor/select2/select2.full.min.fcd7500d8e13.js", "admin/js/vendor/xregexp/LICENSE.txt": "admin/js/vendor/xregexp/LICENSE.bf79e414957a.txt", "admin/js/vendor/xregexp/xregexp.js": "admin/js/vendor/xregexp/xregexp.efda034b9537.js", "admin/js/vendor/xregexp/xregexp.min.js": "admin/js/vendor/xregexp/xregexp.min.b0439563a5d3.js", "admin/img/gis/move_vertex_off.svg": "admin/img/gis/move_vertex_off.7a23bf31ef8a.svg", "admin/img/gis/move_vertex_on.svg": "admin/img/gis/move_vertex_on.0047eba25b67.svg", "admin/js/admin/DateTimeShortcuts.js": "admin/js/admin/DateTimeShortcuts.5548f99471bf.js", "admin/js/admin/RelatedObjectLookups.js": "admin/js/admin/RelatedObjectLookups.b4d76b6aaf0b.js", "credit_note/admin/js/form.js": "credit_note/admin/js/form.07bf7e7901aa.js", "credit_note/admin/js/list.js": "credit_note/admin/js/list.ade082103274.js", "credit_note/client/js/list.js": "credit_note/client/js/list.7d7ecee36a8b.js", "sale/admin/js/form.js": "sale/admin/js/form.3f47e5410e37.js", "sale/admin/js/list.js": "sale/admin/js/list.5c13fc8afc89.js", "sale/client/js/list.js": "sale/client/js/list.87af59c47bda.js", "assistance/admin/js/form.js": "assistance/admin/js/form.3e7a2c4b5863.js", "assistance/admin/js/list.js": "assistance/admin/js/list.49bc81ceb63f.js", "assistance/employee/js/list.js": "assistance/employee/js/list.5cd49bc98b4a.js", "salary/admin/js/form.js": "salary/admin/js/form.e683e3e55b88.js", "salary/admin/js/list.js": "salary/admin/js/list.8d8c55e354dc.js", "salary/admin/js/upload_excel.js": "salary/admin/js/upload_excel.5577b700750a.js", "salary/employee/js/list.js": "salary/employee/js/list.03851ac631e7.js", "company/js/form.js": "company/js/form.523f3deb2018.js", "company/js/list.js": "company/js/list.aa1b03e74b94.js", "plan/js/form.js": "plan/js/form.b4cb8839d16e.js", "plan/js/list.js": "plan/js/list.c99de0ea47fc.js", "admin/css/autocomplete.css": "admin/css/autocomplete.4a81fc4242d0.css", "admin/css/base.css": "admin/css/base.1f418065fc2c.css", "admin/css/changelists.css": "admin/css/changelists.cd4dd90ae1a1.css", "admin/css/dashboard.css": "admin/css/dashboard.be83f13e4369.css", "admin/css/fonts.css": "admin/css/fonts.168bab448fee.css", "admin/css/forms.css": "admin/css/forms.332ab41432e2.css", "admin/css/login.css": "admin/css/login.8b76a9f7cbf6.css", "admin/css/nav_sidebar.css": "admin/css/nav_sidebar.e32d345464bd.css", "admin/css/responsive.css": "admin/css/responsive.b9e1565b3609.css", "admin/css/responsive_rtl.css": "admin/css/responsive_rtl.e13ae754cceb.css", "admin/css/rtl.css": "admin/css/rtl.4bc23eb90919.css", "admin/css/widgets.css": "admin/css/widgets.694d845b2cb1.css", "admin/fonts/LICENSE.txt": "admin/fonts/LICENSE.d273d63619c9.txt", "admin/fonts/README.txt": "admin/fonts/README.ab99e6b541ea.txt", "admin/fonts/Roboto-Bold-webfont.woff": "admin/fonts/Roboto-Bold-webfont.50d75e48e0a3.woff", "admin/fonts/Roboto-Light-webfont.woff": "admin/fonts/Roboto-Light-webfont.c73eb1ceba33.woff", "admin/fonts/Roboto-Regular-webfont.woff": "admin/fonts/Roboto-Regular-webfont.35b07eb2f871.woff", "admin/img/calendar-icons.svg": "admin/img/calendar-icons.39b290681a8b.svg", "admin/img/icon-addlink.svg": "admin/img/icon-addlink.d519b3bab011.svg", "admin/img/icon-alert.svg": "admin/img/icon-alert.034cc7d8a67f.svg", "admin/img/icon-calendar.svg": "admin/img/icon-calendar.ac7aea671bea.svg", "admin/img/icon-changelink.svg": "admin/img/icon-changelink.18d2fd706348.svg", "admin/img/icon-clock.svg": "admin/img/icon-clock.e1d4dfac3f2b.svg", "admin/img/icon-deletelink.svg": "admin/img/icon-deletelink.564ef9dc3854.svg", "admin/img/icon-no.svg": "admin/img/icon-no.439e821418cd.svg", "admin/img/icon-unknown-alt.svg": "admin/img/icon-unknown-alt.81536e128bb6.svg", "admin/img/icon-unknown.svg": "admin/img/icon-unknown.a18cb4398978.svg", "admin/img/icon-viewlink.svg": "admin/img/icon-viewlink.41eb31f7826e.svg", "admin/img/icon-yes.svg": "admin/img/icon-yes.d2f9f035226a.svg", "admin/img/inline-delete.svg": "admin/img/inline-delete.fec1b761f254.svg", "admin/img/LICENSE": "admin/img/LICENSE.2c54f4e1ca1c", "admin/img/README.txt": "admin/img/README.a70711a38d87.txt", "admin/img/search.svg": "admin/img/search.7cf54ff789c6.svg", "admin/img/selector-icons.svg": "admin/img/selector-icons.b4555096cea2.svg", "admin/img/sorting-icons.svg": "admin/img/sorting-icons.3a097b59f104.svg", "admin/img/tooltag-add.svg": "admin/img/tooltag-add.e59d620a9742.svg", "admin/img/tooltag-arrowright.svg": "admin/img/tooltag-arrowright.bbfb788a849e.svg", "admin/js/actions.js": "admin/js/actions.eac7e3441574.js", "admin/js/autocomplete.js": "admin/js/autocomplete.c508b167ab61.js", "admin/js/calendar.js": "admin/js/calendar.f8a5d055eb33.js", "admin/js/cancel.js": "admin/js/cancel.ecc4c5ca7b32.js", "admin/js/change_form.js": "admin/js/change_form.9d8ca4f96b75.js", "admin/js/collapse.js": "admin/js/collapse.f84e7410290f.js", "admin/js/core.js": "admin/js/core.5d6b384a08b5.js", "admin/js/inlines.js": "admin/js/inlines.fb1617228dbe.js", "admin/js/jquery.init.js": "admin/js/jquery.init.b7781a0897fc.js", "admin/js/nav_sidebar.js": "admin/js/nav_sidebar.3535caba9444.js", "admin/js/popup_response.js": "admin/js/popup_response.c6cc78ea5551.js", "admin/js/prepopulate.js": "admin/js/prepopulate.bd2361dfd64d.js", "admin/js/prepopulate_init.js": "admin/js/prepopulate_init.e056047b7a7e.js", "admin/js/SelectBox.js": "admin/js/SelectBox.8161741c7647.js", "admin/js/SelectFilter2.js": "admin/js/SelectFilter2.d250dcb52a9a.js", "admin/js/urlify.js": "admin/js/urlify.25cc3eac8123.js", "dashboard/js/form.js": "dashboard/js/form.e33be01f0c9c.js", "database_backups/js/form.js": "database_backups/js/form.f25ea0cd5d40.js", "database_backups/js/list.js": "database_backups/js/list.4ea6d522ba0a.js", "group/js/form.js": "group/js/form.6c4fd3603931.js", "group/js/list.js": "group/js/list.dd9282649a8b.js", "module/js/form.js": "module/js/form.221d39bfe0e1.js", "module/js/list.js": "module/js/list.2c849e55dce9.js", "module_type/js/form.js": "module_type/js/form.d05ae476b58b.js", "module_type/js/list.js": "module_type/js/list.ed727e355670.js", "user_access/js/list.js": "user_access/js/list.64976ee9c69d.js", "user/js/form.js": "user/js/form.b14410062c23.js", "user/js/list.js": "user/js/list.b8196aa7a2f2.js", "user/js/update_password.js": "user/js/update_password.cbec24734312.js", "user/js/update_profile.js": "user/js/update_profile.f40f72357baf.js", "login/css/style.css": "login/css/style.ead7865beb54.css", "login/js/login.js": "login/js/login.6e8e957039c5.js", "login/js/reset_password.js": "login/js/reset_password.04d4201e0e55.js", "login/js/update_password.js": "login/js/update_password.d69bf63b86d6.js", "category/js/form.js": "category/js/form.dfcaf01613a3.js", "category/js/list.js": "category/js/list.f5e4c7ea2426.js", "client/js/form.js": "client/js/form.e1bb5abd2d6e.js", "client/js/list.js": "client/js/list.7b9ce96fd126.js", "client/js/profile.js": "client/js/profile.8f7b139725d7.js", "ctas_collect/js/form.js": "ctas_collect/js/form.7a387d8eceba.js", "ctas_collect/js/list.js": "ctas_collect/js/list.e7a403835626.js", "debts_pay/js/form.js": "debts_pay/js/form.187ff0722d2b.js", "debts_pay/js/list.js": "debts_pay/js/list.d3d2afba4541.js", "expenses/js/form.js": "expenses/js/form.34183cafc4fd.js", "expenses/js/list.js": "expenses/js/list.1a7619235c0d.js", "product/js/form.js": "product/js/form.23d850e7a2b2.js", "product/js/list.js": "product/js/list.64d7a5d3aa1a.js", "product/js/stock_adjustment.js": "product/js/stock_adjustment.cc2b1cbb4cd3.js", "product/js/upload_excel.js": "product/js/upload_excel.2bc6e5474a3c.js", "promotions/js/form.js": "promotions/js/form.ed70729a93fa.js", "promotions/js/list.js": "promotions/js/list.16f224aac277.js", "provider/js/form.js": "provider/js/form.d56469d66e36.js", "provider/js/list.js": "provider/js/list.abcaabcea7ca.js", "purchase/js/form.js": "purchase/js/form.16f76f07261e.js", "purchase/js/list.js": "purchase/js/list.c1502cca2275.js", "receipt/js/form.js": "receipt/js/form.dd6484428d80.js", "receipt/js/list.js": "receipt/js/list.ec964c71e8dc.js", "type_expense/js/form.js": "type_expense/js/form.0b87c6e99bcb.js", "type_expense/js/list.js": "type_expense/js/list.c582400c3a2a.js", "voucher_errors/js/list.js": "voucher_errors/js/list.aa47b4734633.js", "area/js/form.js": "area/js/form.7ddb0eb625df.js", "area/js/list.js": "area/js/list.2e4b3e46f230.js", "employee/js/form.js": "employee/js/form.298f44e16582.js", "employee/js/list.js": "employee/js/list.76b72b0db00c.js", "employee/js/profile.js": "employee/js/profile.590fbca9d292.js", "employee/js/upload_excel.js": "employee/js/upload_excel.f93d8b3a08d9.js", "headings/js/form.js": "headings/js/form.4e6e2af67e4f.js", "headings/js/list.js": "headings/js/list.4f61aef68c5a.js", "position/js/form.js": "position/js/form.7ddb0eb625df.js", "position/js/list.js": "position/js/list.4d4db7290b70.js", "ctas_collect_report/js/report.js": "ctas_collect_report/js/report.25bc284cc5e9.js", "debts_pay_report/js/report.js": "debts_pay_report/js/report.d27c1e7496de.js", "earnings_report/js/report.js": "earnings_report/js/report.88ec9dcdff4b.js", "expenses_report/js/report.js": "expenses_report/js/report.3d2755a42396.js", "purchase_report/js/report.js": "purchase_report/js/report.18ec71d8c5b9.js", "results_report/js/report.js": "results_report/js/report.2537b60929f4.js", "sale_report/js/report.js": "sale_report/js/report.f7e89f49ead6.js"}, "version": "1.0"}